Player,Outcome,Kills,Deaths,+/-,Flag Captures,Flag Attempts,Score,Time Played,Damage Dealt,Damage Taken,DR,DKR,DDF,Laser DD,Laser DT,Missile DD,Missile DT,Grenade DD,Grenade DT,Bouncy DD,Bouncy DT,Rating
Ant1d0t3,0.523809523809524,12.8452380952381,18.1904761904762,-5.3452380952381,0.630952380952381,1.5952380952381,2.23809523809524,20.5595238095238,3740.66666666667,4915.86904761905,0.778620500397789,311.97619047619,217.523809523809,2352.22619047619,3282.89285714286,246.488095238095,316.416666666667,381.285714285714,405.892857142857,760.666666666667,910.666666666667,750
Astrok,0.521861777150917,17.0874471086037,15.2831452750353,1.80430183356841,0.594851904090268,2.27574047954866,1.75881523272214,20.9806064880113,5419.78244005642,4376.41325811001,1.28075003723053,337.504936530324,361.060296191819,3339.85648801128,2669.52574047955,342.972849083216,191.900211565585,582.546544428773,519.888222849083,1154.40655853315,995.099083215797,3559
BadGuy,0.509708737864078,17.9296116504854,15.376213592233,2.55339805825243,0.470873786407767,1.77669902912621,1.69660194174757,20.7694174757282,4718.2354368932,4465.94660194175,1.08007056091668,278.043689320388,284.293689320388,2954.11165048544,2734.66262135922,283.480582524272,250.038834951456,501.303398058252,462.803398058252,979.339805825243,1018.44174757282,2523
Benevolence,0.449339207048458,16.15859030837,16.0176211453744,0.140969162995595,0.524229074889868,2.09691629955947,1.76211453744493,21.3039647577092,4828.87665198238,4573.02202643172,1.07151516834388,317.400881057269,307.973568281938,2784.17621145374,2885.25550660793,395.559471365639,179.145374449339,555.299559471366,446.784140969163,1093.84140969163,1061.83700440529,2806
Bone,0.519788918205805,19.1002638522427,14.598944591029,4.50131926121372,0.556728232189974,1.81134564643799,1.78364116094987,20.9116094986807,5154.13588390501,4356.44063324538,1.20752039913262,285.672823218997,300.903693931398,3216.01451187335,2669.73482849604,107.270448548813,215.749340369393,590.606860158311,443.949868073879,1240.24406332454,1027.00659630607,3202
Cartman,0.506262176454217,17.4269412747008,15.7152797105483,1.71166156415252,0.735523385300668,3.26252783964365,1.67325354856666,20.4041191205121,4481.39048149179,4557.90592819371,1.00524988706074,274.380740328416,297.692179237406,2558.38575006958,2843.38714166435,456.62371277484,251.186752017812,466.336209295853,454.953242415809,1000.04480935152,1008.37879209574,2663
Child,0.495049504950495,17.0990099009901,15.1386138613861,1.96039603960396,0.415841584158416,1.11881188118812,1.45544554455446,21.8316831683168,4417.15841584159,4346.18811881188,1.040554563198,273.386138613861,232.980198019802,2510.11881188119,2662.34653465347,369.940594059406,185.722772277228,505.207920792079,452.910891089109,1031.89108910891,1045.20792079208,1630
Drue,0.511904761904762,16.7698412698413,16.7539682539683,0.015873015873016,0.468253968253968,2.21825396825397,1.63492063492063,21.5793650793651,5707.02777777778,4686.21428571429,1.24813372823794,366.666666666667,350.472222222222,3468.48412698413,2693.52380952381,395.920634920635,235.555555555556,559.392857142857,591.420634920635,1283.23015873016,1165.71428571429,3687
Einhander,0.581395348837209,19.093023255814,16.1860465116279,2.90697674418605,0.418604651162791,1.7906976744186,1.72093023255814,19.7209302325581,4930.95348837209,4725.81395348837,1.05525321032797,266,316.883720930233,3147.88372093023,2805.3023255814,438.837209302326,418.581395348837,429.255813953488,464.953488372093,914.976744186047,1036.97674418605,2864
ElAsesino,0.516063749051353,17.6964330887933,12.8702251454591,4.82620794333418,0.739944346066279,2.86390083480901,1.60865165696939,13584.7394384012,5283.50240323805,3825.64533265874,1.42598911150017,318.323045788009,290.446749304326,3033.94333417657,2215.11687326081,217.839362509486,162.507968631419,666.504174045029,572.122185681761,1365.21553250696,875.898305084746,4368
Eternity,0.518248175182482,16.367396593674,19.9464720194647,-3.57907542579075,0.357664233576642,1.42822384428224,1.88321167883212,21.1094890510949,4445.95620437956,5372.34306569343,0.836644532258686,287.442822384428,289.615571776156,3104.38686131387,3491.70559610706,140.720194647202,326.21897810219,334.948905109489,404.566909975669,865.900243309003,1149.85158150852,1653
Fordus,0.369230769230769,21.3076923076923,14.4769230769231,6.83076923076923,0.276923076923077,1.23076923076923,1.29230769230769,21.4615384615385,5548.95384615385,4402.43076923077,1.2893581933781,272.815384615385,332.738461538462,3635.92307692308,2638.04615384615,84.5076923076923,208.846153846154,547.938461538462,470.215384615385,1280.58461538462,1085.32307692308,2142
Fudorm,0.503720238095238,17.1573660714286,17.553943452381,-0.396577380952381,0.470982142857143,2.09188988095238,1.74925595238095,29941.2384672619,5254.0078125,4874.7072172619,1.09729076427287,326.460193452381,277.583705357143,3372.97470238095,2932.71056547619,309.329613095238,299.597098214286,473.240327380952,573.828869047619,1098.46316964286,1068.57068452381,2737
Genocide,0.5,15.7074468085106,13.1648936170213,2.54255319148936,0.531914893617021,2.20744680851064,1.71276595744681,20.75,4311.49468085106,3884.67021276596,1.13843584087553,294.297872340426,207.840425531915,2539.82446808511,2326.56914893617,174.813829787234,148.829787234043,495.441489361702,456.11170212766,1101.41489361702,953.159574468085,2234
Goobs,0.49496644295302,17.2969798657718,14.8473154362416,2.4496644295302,0.374161073825503,1.53579418344519,1.60402684563758,15011.5234899329,4761.23489932886,4288.95246085011,1.13357949229107,291.865212527964,257.614093959732,2799.68232662192,2655.70357941834,333.845637583893,190.869127516779,543.336689038031,508.535794183445,1084.37024608501,933.843959731544,2382
Havok,0.622641509433962,16.0754716981132,13.0660377358491,3.00943396226415,0.424528301886793,1.21698113207547,2.17924528301887,20.3490566037736,4745.80188679245,3934.89622641509,1.24015548754589,312.537735849057,239.037735849057,2743.77358490566,2385.07547169811,261.490566037736,155.858490566038,553.650943396227,441.122641509434,1186.88679245283,952.839622641509,2535
InSo,0.4970703125,14.9189453125,18.478515625,-3.5595703125,0.355816226783969,1.3822091886608,1.6923828125,26199.482421875,4343.208984375,5050.9296875,0.879003826910606,319.4697265625,303.3701171875,2897.7548828125,3250.986328125,223.1630859375,358.6328125,384.203125,398.787109375,838.087890625,1042.5234375,1771
Jawn,0.507296733842946,17.7984711605281,15.27936066713,2.51911049339819,0.579276773296245,2.31293463143255,1.64836692147325,18655.6511466296,5087.98123697012,4433.2043085476,1.17856803206942,302.841556636553,294.797776233495,3135.28144544823,2718.77136900625,286.254343293954,206.474635163308,565.874218207088,472.694927032662,1100.57123002085,1035.26337734538,3115
Jet,0.469512195121951,15.5975609756098,20.1890243902439,-4.59146341463415,0.353658536585366,1.47560975609756,1.44512195121951,20.5426829268293,4112.98170731707,5439.56707317073,0.765712245272203,287.84756097561,274.024390243902,2627.78658536585,3553.99390243902,196.743902439024,363.859756097561,342.762195121951,351.408536585366,945.689024390244,1170.30487804878,1629
LogiTech,0.504329004329004,18.6731601731602,17.9372294372294,0.735930735930736,0.4004329004329,1.66450216450216,1.56926406926407,20.8874458874459,4716.54761904762,5074.27272727273,0.945634341605158,266.82683982684,288.538961038961,2792.35930735931,3164.17532467532,389.625541125541,333.703463203463,511.764069264069,469.406926406926,1022.7987012987,1106.98701298701,2224
Masta,0.500452488687783,16.716742081448,14.6737556561086,2.04298642533937,0.559529198732458,2.15799004074242,1.63665158371041,21.016742081448,4665.37058823529,4258.30452488688,1.12109972887805,298.89185520362,276.697285067873,2984.96244343891,2567.87104072398,164.447963800905,186.563800904977,493.989592760181,513.75520361991,1021.97058823529,990.114479638009,2720
MrJimps,0.505197002658932,12.9463379260334,18.8755136572395,-5.92917573120619,0.539279671259367,1.94367899444042,1.69156393521876,25875.8851824994,3756.45540246555,4996.54919023447,0.764917246653227,317.034807831762,272.812666183225,2471.38578680203,3138.36693255983,124.058738216099,326.518491660624,338.555716702925,415.348561759729,822.455160744501,1116.31520425429,1251
Odoacer,0.537366548042705,18.4946619217082,13.8042704626335,4.69039145907473,0.612099644128114,2.24377224199288,1.71886120996441,21.8825622775801,5503.33096085409,4152.48398576513,1.35041298685549,316.274021352313,321.343416370107,3728.08185053381,2558.71352313167,174.154804270463,160.489323843416,508.750889679715,449.476868327402,1092.34341637011,983.804270462633,3692
Ominous,0.567567567567568,16.5675675675676,14.5405405405405,2.02702702702703,0.594594594594595,1.86486486486487,1.45945945945946,21.8108108108108,4607.89189189189,4219.56756756757,1.11276859445333,294.540540540541,283.864864864865,2858.86486486487,2450.43243243243,119.27027027027,225.405405405405,575.675675675676,578.243243243243,1054.08108108108,965.486486486486,2300
Oreo,0.428571428571429,9,19.3714285714286,-10.3714285714286,0.771428571428571,1.97142857142857,1.48571428571429,20.4,2464.31428571429,4940.08571428571,0.49941479140142,305.628571428571,219.657142857143,1543.88571428571,3300.82857142857,70.0571428571429,408.4,252.885714285714,365.057142857143,597.485714285714,865.8,2095
Parrotman,0.510204081632653,19.4489795918367,16.0553168635875,3.39366272824919,0.565824825362708,1.93229446534121,1.61600429645542,20.9430719656284,5592.0612244898,4680.69226638024,1.21909357541303,301.288399570354,335.031686358754,3547.8678839957,2789.9865735768,191.176691729323,236.351235230934,562.630504833512,577.656283566058,1290.38614393126,1076.69817400644,3690
Precision,0.49563838223632,17.3885804916733,14.6336241078509,2.75495638382236,0.540047581284695,2.05947660586836,1.71530531324346,21.1498810467883,4735.27914353688,4317.12767644726,1.11560891741611,289.937351308485,272.19587628866,3040.24583663759,2650.81839809675,195.241871530531,228.765265662173,454.720063441713,453.910388580492,1045.07137192704,983.633624107851,2280
Sebek,0.519230769230769,20.1153846153846,12.9326923076923,7.18269230769231,0.480769230769231,1.73076923076923,1.83653846153846,21.0673076923077,5532.60576923077,4069.625,1.40387019347231,289.586538461538,364.230769230769,3509.02884615385,2540.68269230769,160.605769230769,149.317307692308,558.778846153846,433.855769230769,1304.19230769231,945.769230769231,3267
Six6String,0.507389162561576,16.5960591133005,17.1379310344828,-0.541871921182266,0.374384236453202,1.0935960591133,1.80788177339901,528366.532019705,4323.27586206897,4809.39408866995,0.914261268367457,274.068965517241,273.472906403941,2886.58128078818,3119.24630541872,35.6699507389163,285.083743842365,409.699507389163,358.620689655172,991.325123152709,1046.44334975369,678
TopGunner,0.471910112359551,13.0674157303371,18.3483146067416,-5.28089887640449,0.48314606741573,1.37078651685393,1.64044943820225,20.0449438202247,3289.55056179775,4870.66292134831,0.687411205041891,268.460674157303,220.977528089888,1904.87640449438,3013.06741573034,204.910112359551,379.820224719101,351.910112359551,443,827.85393258427,1034.77528089888,387
Akma,0.512820512820513,16.848655409631,16.396497811132,0.452157598499062,0.854192740926158,3.46182728410513,1.9155722326454,33555.4415259537,5314.71669793621,4698.31644777986,1.16671821327547,337.066916823014,354.96497811132,3307.4358974359,2929.48717948718,328.647904940588,242.611632270169,548.43339587242,469.35397123202,1130.1994996873,1056.86366479049,3650
arcslayer,0.412140575079872,13.8722044728435,19.555910543131,-5.68370607028754,0.543130990415335,2.2332268370607,1.61980830670927,85685.8083067093,4381.49201277955,5194.69968051118,0.854612117776532,345.891373801917,298.578274760383,2811.62939297125,3273.89776357827,211.495207667732,311.766773162939,406.022364217252,467.543130990415,952.345047923323,1141.49201277955,2728
atreyu,0.501831501831502,15.6190476190476,18.4981684981685,-2.87912087912088,0.708791208791209,1.86996336996337,1.68864468864469,147309.716117216,4306.52380952381,5042.10622710623,0.866767736818365,294.639194139194,255.239926739927,2743.72344322344,3286.16117216117,289.813186813187,303.970695970696,388.470695970696,418.377289377289,884.516483516484,1033.59706959707,1222
bagheera,0.507246376811594,16.1545893719807,15.7995169082126,0.355072463768116,0.438256658595642,2.01694915254237,1.64492753623188,20.9782608695652,4792.65700483092,4476.30917874396,1.10113338606617,321.091787439614,287.067632850241,2969.04347826087,2759.6231884058,210.611111111111,196.246376811594,508.821256038647,435.81884057971,1104.18115942029,1084.62077294686,2338
bibby,0.395238095238095,11.6666666666667,19.2714285714286,-7.6047619047619,0.5,1.4047619047619,1.61904761904762,20.9761904761905,3426.62857142857,5020.7380952381,0.689241035076315,320.004761904762,313.990476190476,2144.74285714286,3045.26666666667,232.590476190476,369.628571428571,280.023809523809,540.980952380953,769.271428571429,1064.8619047619,702
bigdaddy,0.479427549194991,16.6279069767442,15.5778175313059,1.05008944543828,0.522361359570662,1.94812164579606,1.57960644007156,47984.5152057245,4714.81932021467,4446.87656529517,1.07511914835516,298.787119856887,327.819320214669,2874.82468694097,2617.27906976744,201.481216457961,225.01252236136,569.65831842576,529.783542039356,1068.85509838998,1074.80143112701,2617
Bile,0.51508120649652,16.2877030162413,15.7563805104408,0.531322505800464,0.635730858468677,2.52668213457077,1.71461716937355,21.1113689095128,4561.34802784223,4496.41299303944,1.03232800581827,297.610208816705,295.044083526682,2630.22505800464,2867.34106728538,363.116009280742,233.92343387471,517.250580046404,404.150812064965,1050.75638051044,990.997679814385,2180
bodybag,0.507042253521127,18.3321596244131,18.2746478873239,0.057511737089202,0.61150234741784,2.32159624413146,1.89319248826291,21.1819248826291,4816.35211267606,5140.77112676056,0.954882146240892,278.818075117371,293.746478873239,2960.19483568075,3152.53755868545,399.293427230047,382.431924882629,397.81103286385,495.757042253521,1059.05281690141,1110.04460093897,2400
craig,0.475845410628019,15.9371980676329,18.9541062801932,-3.01690821256039,0.442028985507246,1.47584541062802,1.55797101449275,21.4154589371981,4367.04106280193,5194.82850241546,0.853924739616811,294.026570048309,324.541062801932,2868.00966183575,3250.65700483092,208.374396135266,353.314009661836,398.550724637681,481.473429951691,892.106280193237,1109.38405797101,1151
Cutlass,0.486997635933806,16.3498817966903,17.9858156028369,-1.63593380614657,0.542654028436019,2.01895734597156,1.57919621749409,21.0283687943262,4231.08983451537,4952.98345153664,0.868752151934034,275.796690307329,280.044917257683,2698.76359338061,3048.1914893617,180.130023640662,331.569739952719,403.174940898345,503.496453900709,949.021276595745,1069.72576832151,1423
Defiance,0.50887573964497,18.0335305719921,13.4023668639053,4.63116370808679,0.518737672583826,1.96844181459566,1.6370808678501,21.5049309664694,5023.52071005917,4070.90532544379,1.26685488634718,294.729783037475,309.5483234714,2981.77909270217,2493.95266272189,294.731755424063,152.112426035503,577.136094674556,425.674556213018,1169.87376725838,999.165680473373,2820
dharma,0.503866745984533,14.5693039857228,18.6537775133849,-4.08447352766211,0.572873289708507,2.97441998810232,1.67697798929209,20.8447352766211,4752.31231409875,5007.5258774539,0.966879944129889,350.917906008328,332.163593099346,3082.40987507436,3153.0493753718,148.584176085663,284.385484830458,467.756692444973,468.707317073171,1053.56157049375,1101.38370017847,2661
dip,0.461716937354988,15.2296983758701,15.7726218097448,-0.54292343387471,0.496519721577726,1.66589327146172,1.68909512761021,21.0208816705336,4407.86774941995,4433.90487238979,1.0130432957432,306.605568445476,276.389791183295,2497.27146171694,2783.82366589327,378.883990719258,215.334106728538,492.802784222738,421.788863109049,1038.90951276102,1012.95823665893,2322
DoubleTime,0.512104283054004,15.9106145251397,16.5530726256983,-0.642458100558659,0.538175046554935,2.12290502793296,1.79143389199255,20.8417132216015,4516.69273743017,4660.04841713222,0.997255507644003,307.016759776536,306.804469273743,2824.08566108007,2803.56052141527,239.40782122905,257.417132216015,461.74487895717,518.091247672253,991.454376163873,1080.97951582868,1609
Endo,0.502495840266223,16.5623960066556,18.1247920133111,-1.56239600665557,0.512479201331115,1.86189683860233,1.73377703826955,20.8668885191348,4855.87354409318,5042.15640599002,0.977669752988384,315.993344425957,282.73544093178,3128.81364392679,3250.43760399334,215.455906821963,269.366056572379,486.708818635607,443.239600665557,1024.89517470882,1079.11314475874,2611
evo9,0.519962859795729,17.727948003714,17.9675023212628,-0.239554317548746,0.599350046425255,2.2116991643454,1.78644382544104,12464.2613741876,4965.25023212628,5065.84401114206,0.996424853266994,295.328226555246,330.303621169916,3332.95682451253,3181.30129990715,268.184308263695,294.72051996286,406.932683379759,472.6643454039,957.176415970288,1117.15784586815,2046
ext,0.485804416403786,12.6403785488959,17.3028391167192,-4.66246056782334,0.441640378548896,1.2397476340694,1.65299684542587,83701.2776025237,3854.02523659306,4621.13880126183,0.859718106918412,333.728706624606,255.283911671924,2263.20820189274,2940.73186119874,236.356466876972,211.589905362776,425.876971608833,413.772870662461,928.583596214511,1055.04416403786,1317
Faur,0.507407407407407,18.5518518518519,11.4555555555556,7.0962962962963,0.348148148148148,1.14814814814815,1.6037037037037,21.3703703703704,4897.62592592593,3635.68148148148,1.39091345790587,288.622222222222,287.296296296296,2879.83333333333,2240.52592592593,121.318518518519,115.033333333333,633.603703703704,353.844444444444,1262.87037037037,926.277777777778,2599
fiya,0.421926910299003,19.1029900332226,21.3222591362126,-2.21926910299003,0.292358803986711,1.21926910299003,1.64784053156146,21.3521594684385,5259.64784053156,5843.7707641196,0.908052218308044,286.564784053156,328.837209302326,3656.70431893688,3857.19601328904,216.445182724252,295.382059800664,424.581395348837,468.059800664452,961.916943521595,1223.13289036545,2538
FreddyFox,0.490384615384615,12.6490384615385,19.0336538461538,-6.38461538461539,0.668269230769231,2.81730769230769,1.61538461538462,20.7980769230769,3393.20192307692,5025.95673076923,0.687123939198861,293.822115384615,260.519230769231,1830.50480769231,3152.28365384615,319.850961538462,387.110576923077,421.850961538462,382.826923076923,820.995192307692,1103.73557692308,1253
gold,0.510204081632653,15.7448979591837,18.4183673469388,-2.6734693877551,0.510204081632653,1.95918367346939,1.61224489795918,21.2959183673469,4327.9693877551,5048.23469387755,0.856494275393709,292.612244897959,297.459183673469,2616.92857142857,3271.36734693878,279.622448979592,377.275510204082,454.765306122449,387.775510204082,976.65306122449,1011.81632653061,1352
Hunter,0.532374100719424,18.5467625899281,15.4244604316547,3.12230215827338,0.561151079136691,1.66906474820144,1.89208633093525,190859.165467626,4807.98561151079,4572.40287769784,1.07173723869285,269.928057553957,331.956834532374,2776.4964028777,2892.32374100719,366.669064748201,224.68345323741,575.827338129496,507.73381294964,1088.9928057554,947.661870503597,2574
jaq,0.525862068965517,16.6724137931034,15.0948275862069,1.57758620689655,0.706896551724138,2.31896551724138,1.98275862068966,20.4137931034483,4963.44827586207,4362.16379310345,1.1596147458274,324.844827586207,325.301724137931,2914.13793103448,2543.85344827586,393.051724137931,256.060344827586,570.741379310345,528.025862068965,1085.51724137931,1034.22413793103,2997
loki,0.475951903807615,17.8436873747495,19.1112224448898,-1.26753507014028,0.404809619238477,1.69038076152305,1.64328657314629,80605.99498998,5013.41382765531,5336.09118236473,0.953100474738815,297.303607214429,315.849699398798,3047.38677354709,3422.63226452906,429.718436873748,307.982965931864,474.519038076152,469.76753507014,1061.78957915832,1135.70841683367,2182
lugz,0.38,17.4,21.32,-3.92,0.76,2.66,1.78,21.24,5000.94,5762.4,0.877640724685518,312.62,399.44,3494.78,3457.58,247.74,415.86,338.58,630.66,919.84,1258.3,2533
Lunu,0.451612903225806,18.247311827957,19.0456989247312,-0.798387096774194,0.64247311827957,2.03763440860215,1.56182795698925,20.8844086021505,5193.93010752688,5295.32795698925,0.99588421307533,304.274193548387,307.521505376344,3326.05376344086,3289.15860215054,321.801075268817,301.682795698925,488.258064516129,545.408602150538,1057.81720430108,1159.07795698925,2535
Mercenary,0.473594548551959,15.2095400340716,19.2095400340716,-4,0.557069846678024,2.0511073253833,1.72572402044293,21.3168654173765,4110.23850085179,5233.78875638842,0.799508296973395,290.155025553663,308.831345826235,2615.23850085179,3272.88586030664,245.11073253833,311.708688245315,380.841567291312,483.137989778535,869.047700170358,1166.05621805792,1714
muahaha,0.485059068797776,14.6038915913829,19.5434329395413,-4.93954134815844,0.415566365531619,1.58443363446838,1.61153578874218,20.8853370396108,4254.11952744962,5231.69770674079,0.822225329915059,315.571230020848,252.319666435024,2570.08061153579,3340.33217512161,401.823488533704,343.435719249479,433.457261987491,456.136205698402,848.758165392634,1091.7936066713,1594
nip,0.533947065592635,15.301495972382,18.4441887226697,-3.14269275028769,0.631760644418872,2.22324510932106,1.84119677790564,123412.279631761,4339.28998849252,5042.79286536249,0.872793111962976,305.108170310702,239.487917146145,2599.22439585731,3190.05983889528,289.90333716916,252.306098964327,446.651323360184,527.254315304948,1003.51093210587,1073.17261219793,1958
nizem,0.484094052558783,17.11387736284,16.8626094974643,0.251267865375749,0.75334255417243,1.59105578607653,1.6675887505763,21.2097740894421,4803.70401106501,4782.18026740433,1.02363639982139,297.902259105579,270.140156754265,3151.15076071923,2904.46934071,187.374827109267,252.845550945136,436.048870447211,513.177501152605,1029.1295527893,1111.68787459659,1932
norml,0.476750400855158,12.7210048102619,17.9909139497595,-5.2699091394976,0.396256684491979,1.61604278074866,1.61624799572421,20.9535008017103,3641.3153393907,4788.24478888295,0.773773213698021,311.562800641368,233.407268840192,2233.80171031534,3102.72955638696,198.540887226082,357.520577231427,363.853554249065,359.978086584714,845.119187600214,968.01656867985,479
Oroshi,0.279069767441861,14.4651162790698,15.5348837209302,-1.06976744186047,0.302325581395349,1.11627906976744,1.44186046511628,19.1860465116279,3756.67441860465,4348.46511627907,0.87696418709024,274.186046511628,217.767441860465,2622.83720930233,2744.46511627907,111.488372093023,231.255813953488,299.790697674419,411.697674418605,722.558139534884,961.046511627907,1766
otacon,0.397849462365591,15.0376344086022,18.9784946236559,-3.94086021505376,0.56989247311828,1.58064516129032,1.51612903225806,144093.150537634,4255.59677419355,5136.36559139785,0.838650017195607,301.209677419355,278.408602150538,2714.67741935484,3322.39247311828,158.935483870968,306.849462365591,419.612903225806,470.569892473118,962.370967741935,1036.55376344086,1421
pacifist,0.540880503144654,15.104821802935,17.1153039832285,-2.0104821802935,0.471698113207547,1.86582809224319,1.70440251572327,20.5974842767296,4024.50524109015,4757.18658280922,0.859566123398672,283.264150943396,260.194968553459,2511.48846960168,3010.05660377358,210.469601677149,296.618448637317,434.163522012579,400.404612159329,868.383647798742,1050.10691823899,2091
paz,0.508760951188986,17.2484355444305,15.6858573216521,1.56257822277847,0.688360450563204,2.90112640801001,1.80663329161452,16790.3279098874,4904.45369211514,4522.2183979975,1.1098278914672,306.284105131414,289.310387984981,3091.22465581977,2756.95619524405,247.446808510638,214.524405506884,494.606382978723,511.597622027534,1071.17584480601,1039.14017521902,3057
pcklm,0.511756569847856,15.3056708160443,16.1396957123098,-0.83402489626556,0.496542185338866,1.70539419087137,1.77178423236515,36710.5864453665,4255.72475795297,4488.63070539419,0.969278251421256,295.791147994468,254.107883817427,2508.82019363762,2749.59751037344,288.499308437068,246.753803596127,436.134163208852,473.713692946058,1022.27109266943,1018.56569847856,1748
Pudified,0.630630630630631,17.1981981981982,15.2882882882883,1.90990990990991,0.648648648648649,2.01801801801802,2.07207207207207,21.1081081081081,4325.59459459459,4387.57657657658,1.02579507891408,264.684684684685,235.063063063063,2375.04504504504,2818.72972972973,301.297297297297,270.063063063063,540.882882882883,324.135135135135,1108.36936936937,974.648648648649,1712
race,0.506245890861275,17.1314924391847,17.6476002629849,-0.516107823800132,0.467455621301775,1.8172255095332,1.61735700197239,21.042735042735,4403.05588428665,4941.56015779093,0.904831015777235,271.499013806706,295.812623274162,2661.84155161078,3234.46877054569,324.612097304405,278.508218277449,428.045364891519,391.272189349112,988.556870479948,1037.31097961867,1547
Ridden,0.480392156862745,18.1862745098039,18.0906862745098,0.095588235294118,0.625615763546798,2.3743842364532,1.79411764705882,65037.0833333333,5180.90441176471,5121.63970588235,1.02658345407572,303.156862745098,327.955882352941,3303.10539215686,3213.90196078431,428.747549019608,310.289215686275,450.21568627451,539.031862745098,998.835784313726,1058.41666666667,2529
risky,0.519404332129964,17.1629061371841,15.3826714801444,1.78023465703971,0.566591422121896,2.36930022573363,1.68185920577617,20.913357400722,5001.3524368231,4444.2333032491,1.15269590531448,312.544223826715,313.435018050542,3223.8452166065,2705.88763537906,134.061823104693,264.889440433213,505.911101083033,447.665162454874,1137.53429602888,1025.79106498195,3193
ross,0.537974683544304,16.4240506329114,15.7974683544304,0.626582278481013,0.582278481012658,2.44936708860759,1.55696202531646,21.2405063291139,4587.05696202532,4501.61392405063,1.03560093035238,298.898734177215,319.696202531646,2637.94303797468,2729.50632911392,284.987341772152,262.012658227848,538.645569620253,475.044303797468,1125.48101265823,1035.05063291139,2526
sam,0.499288762446657,17.325746799431,15.9189189189189,1.40682788051209,0.523470839260313,1.59886201991465,1.67994310099573,21.0042674253201,4556.65576102418,4541.74253200569,1.02747780898763,277.807965860597,299.321479374111,2806.92318634424,2724.53627311522,284.092460881935,233.24893314367,462.701280227596,519.307254623044,1002.93883357041,1064.65007112376,2161
scottomo,0.525525525525526,15.3523523523524,14.6186186186186,0.733733733733734,0.592592592592593,2.13013013013013,1.73373373373373,26855.2022022022,4351.98598598599,4206.98198198198,1.057593296702,302.873873873874,257.035035035035,2568.97197197197,2520.05005005005,247.123123123123,184.574574574575,484.452452452453,492.711711711712,1051.43843843844,1009.64564564565,2659
simonthezealot,0.490909090909091,16.9272727272727,16.1636363636364,0.763636363636364,0.309090909090909,1.87272727272727,1.70909090909091,21.4363636363636,4896.61818181818,4617.4,1.07377000915814,309.527272727273,325.036363636364,3021.25454545455,2689.98181818182,195.345454545455,270.836363636364,553.272727272727,556.4,1126.74545454545,1100.18181818182,2918
skrilla,0.50278293135436,16.7031539888683,15.9981447124304,0.705009276437848,0.578849721706865,2.23562152133581,1.68645640074212,21.39146567718,4635.71428571429,4582.96289424861,1.03172437811513,299.024118738404,268.582560296846,2764.05936920223,2832.94619666048,296.339517625232,249.027829313544,485.269016697588,464.17439703154,1090.04638218924,1036.81447124304,2334
slimak,0.492868462757528,15.1188589540412,18.0982567353407,-2.97939778129952,0.434231378763867,1.6053882725832,1.61648177496038,42497.7812995246,3929.36133122029,4904.60221870048,0.812018073339337,281.26941362916,265.38351822504,2377.29001584786,3063.03328050713,186.171156893819,299.741679873217,420.767036450079,497.122028526149,945.133122028526,1044.70522979398,1021
spliff,0.453216374269006,15.2894736842105,16.8333333333333,-1.54385964912281,0.535087719298246,1.85964912280702,1.69005847953216,21.0380116959064,4427.8918128655,4659.93567251462,0.968844373789058,312.850877192982,351.827485380117,2619.48830409357,2805.33918128655,239.093567251462,329.283625730994,485.687134502924,536.239766081871,1083.62280701754,989.073099415205,1511
springguy,0.462857142857143,12.992380952381,20.5085714285714,-7.51619047619048,0.755238095238095,3.27714285714286,1.79428571428571,20.5438095238095,3896.16095238095,5378.6419047619,0.732039363430928,327.074285714286,318.930476190476,2668.57714285714,3284.20476190476,189.169523809524,408.421904761905,288.209523809524,556.734285714286,750.204761904762,1129.28095238095,1197
teknik,0.532544378698225,20.9270216962525,15.1794871794872,5.74753451676529,0.68836291913215,2.42603550295858,1.83037475345168,21.4003944773176,5151.33136094675,4609.55621301775,1.14244000332551,255.5483234714,322.571992110454,3100.05128205128,2800.27021696252,267.854043392505,237.613412228797,585.078895463511,494.786982248521,1198.34714003945,1076.88560157791,2916
tela,0.505439850792664,17.3391358408455,16.2872241218527,1.05191171899285,0.552999689151383,2.46161019583463,1.78831209201119,33359.9008392913,4662.53776810693,4673.40627914206,1.01544868783231,286.277898663351,297.150761579111,2757.88995958968,2888.40721168791,288.283493938452,271.839912962387,485.886851103513,486.16319552378,1130.47746347529,1026.99595896798,2248
tengo,0.523208879919273,19.9545913218971,16.2088799192735,3.74571140262361,0.514891468955073,1.62544169611307,1.78153380423814,21.0428859737639,5984.41876892028,4779.45005045409,1.28210006565438,314.909687184662,378.52068617558,3870.4843592331,2965.39909182644,257.496468213925,296.571140262361,600.202320887992,492.984863773966,1256.23562058527,1024.49495459132,3882
Terror,0.457142857142857,18.4761904761905,14.2571428571429,4.21904761904762,0.380952380952381,1.51428571428571,1.57142857142857,21.0380952380952,4637.2380952381,4356.64761904762,1.08680056614678,269.542857142857,274.171428571429,2766.79047619048,2614.19047619048,206.971428571429,215,528.590476190476,471.780952380952,1134.88571428571,1055.67619047619,2561
tsunami,0.521103896103896,19.0522727272727,17.6873376623377,1.36493506493506,0.926948051948052,3.51233766233766,1.85422077922078,17432.4113636364,5270.53344155844,5073.39935064935,1.05067368521858,292.040584415584,334.83538961039,3245.44188311688,3109.33409090909,314.564285714286,303.544805194805,545.020454545455,551.578896103896,1165.50681818182,1108.94155844156,3766
unreal,0.486486486486487,20.4864864864865,14.0540540540541,6.43243243243243,0.540540540540541,1.88288288288288,1.6036036036036,21.5765765765766,5138.28828828829,4327.62162162162,1.20977066121981,258.108108108108,393.288288288288,2934.1981981982,2612.99099099099,296.216216216216,191.117117117117,676.072072072072,489.396396396396,1231.8018018018,1034.11711711712,2785
Venture,0.485697606538237,18.7548161120841,18.2413893753649,0.513426736719206,0.514010507880911,1.42702860478692,1.6395213076474,31242.2081144191,4712.46322241681,5146.36368943374,0.927414002975998,264.933158201985,310.215995329831,2835.59077641564,3236.24197314653,431.111500291886,330.202276707531,483.727962638646,482.566841798015,962.032983070636,1097.35259778167,1531
wheel,0.383928571428571,14.8482142857143,18.2857142857143,-3.4375,0.348214285714286,1.27678571428571,1.39285714285714,20.0089285714286,3916.5625,4985.69642857143,0.795131944481142,290.848214285714,292.151785714286,2395.60714285714,3141.16071428571,322.785714285714,345.071428571429,352.053571428571,443.044642857143,846.116071428571,1056.41964285714,968
xyz,0.5,15.1831683168317,19.5581683168317,-4.375,0.482673267326733,1.90470297029703,1.83663366336634,20.9554455445545,4132.36633663366,5274.62128712871,0.798505249113178,297.80198019802,270.428217821782,2583.68811881188,3324.12871287129,296.358910891089,406.496287128713,391.799504950495,482.030940594059,860.519801980198,1061.96534653465,1162
Zinks,0.375,17.1354166666667,15.1666666666667,1.96875,0.385416666666667,1.375,1.40625,20.625,4565.51041666667,4372.07291666667,1.07911629230748,284.416666666667,329.09375,2821.19791666667,2643.89583333333,178.458333333333,217.4375,473.197916666667,481.75,1092.65625,1028.98958333333,2027
zizel,0.486033519553073,16.3351955307263,14.0279329608939,2.3072625698324,0.458100558659218,1.89944134078212,1.68156424581006,21.1117318435754,4411.57541899441,4129.2905027933,1.10913493801446,290.201117318436,301.888268156425,2466.79329608939,2495.69273743017,284.54748603352,263.27374301676,601.865921787709,379.530726256983,1058.3687150838,990.793296089385,2273
